"","genus","species","NLU","MLN","SLN","FLK","HLO","OTM","OOM","LCN","LLN","ULN","TLN","NLN","OLO","OOO","BCM","NCN","RCA","IBK","HLM","NLK","CLM","GLK","Species"
"1","Abudefduf","lorenzi",0,"0",0,"0",0,"0",1,0,0,1,0,"0","0",1,"0",0,0,0,"0","0","0",0,"Abudefduf lorenzi"
"2","Abudefduf","septemfasciatus",0,"0",0,"0",0,"0",0,1,0,0,0,"0","0",0,"0",0,0,0,"0","0","0",0,"Abudefduf septemfasciatus"
"3","Abudefduf","sexfasciatus",0,"0",0,"0",0,"0",1,0,0,1,0,"0","0",1,"0",0,0,0,"0","0","0",0,"Abudefduf sexfasciatus"
"4","Acanthurus","nigricauda",0,"1",0,"0",0,"0",0,0,0,1,0,"0","0",0,"0",0,0,1,"0","0","0",0,"Acanthurus nigricauda"
"5","Acanthurus","triostegus",0,"0",0,"0",0,"0",0,0,0,0,0,"0","0",0,"0",0,0,0,"0","0","0",0,"Acanthurus triostegus"
"6","Acanthurus","xanthopterus",1,"1",0,"1",1,"0",0,0,1,1,1,"1","1",0,"1",0,1,1,"1","0","0",0,"Acanthurus xanthopterus"
"7","Acanthurus","sp",0,"0",0,"0",0,"0",0,0,0,0,0,"0","0",0,"0",0,1,0,"0","0","0",0,"Acanthurus sp"
"8","Acentrogobius","janthinopterus",0,"0",1,"0",0,"1",0,0,0,0,0,"0","0",0,"1",0,0,0,"1","1","1",1,"Acentrogobius janthinopterus"
"9","Amblyeleotris","gymnocephala",0,"1",0,"0",0,"0",0,0,0,0,0,"0","0",0,"0",0,0,0,"0","0","0",0,"Amblyeleotris gymnocephala"
"10","Amblyglyphidodon","curacao",0,"1",0,"0",1,"0",1,0,1,0,0,"0","0",1,"0",0,1,1,"0","0","0",0,"Amblyglyphidodon curacao"
"11","Amblygobius","buanensis",1,"1",0,"1",1,"0",1,1,1,1,0,"1","1",0,"0",0,1,0,"0","0","0",0,"Amblygobius buanensis"
"12","Amblygobius","decussatus",0,"0",0,"0",0,"0",0,0,0,0,0,"0","0",0,"0",1,0,1,"0","0","0",0,"Amblygobius decussatus"
"13","Amblygobius","esakiae",0,"0",0,"0",0,"0",0,0,0,0,0,"0","0",0,"0",0,1,0,"0","0","0",0,"Amblygobius esakiae"
"14","Amblygobius","linki",0,"0",0,"1",0,"0",0,0,0,0,0,"0","0",0,"0",0,0,0,"0","0","0",0,"Amblygobius linki"
"15","Amblygobius","phalaena",0,"1",0,"0",0,"0",0,0,1,0,0,"0","0",0,"0",0,0,0,"0","0","0",0,"Amblygobius phalaena"
"16","Koumansetta","rainfordi",0,"0",0,"0",0,"0",0,0,0,0,0,"0","0",0,"0",0,0,1,"0","0","0",0,"Koumansetta rainfordi"
"17","Amphiprion","clarkii",0,"0",0,"0",0,"0",0,0,0,0,0,"0","0",0,"0",0,0,1,"0","0","0",0,"Amphiprion clarkii"
"18","Ancistrogobius","dipus",0,"0",0,"0",0,"0",0,0,0,0,0,"1","0",0,"0",0,0,0,"0","0","0",0,"Ancistrogobius dipus"
"19","Apogonichthyoides","melas",0,"0",0,"0",0,"0",0,0,0,0,0,"1","0",0,"0",0,0,0,"0","0","0",0,"Apogonichthyoides melas"
"20","Arcygobius","baliurus",0,"0",0,"0",0,"0",0,0,0,1,0,"0","0",0,"0",0,0,0,"0","0","0",0,"Arcygobius baliurus"
"21","Arothron","reticularis",0,"0",0,"0",0,"0",0,0,0,0,1,"0","0",0,"0",0,0,0,"0","0","0",0,"Arothron reticularis"
"22","Asterropteryx","semipunctata",0,"0",0,"0",0,"0",0,0,1,1,0,"0","0",0,"0",0,1,0,"0","0","0",0,"Asterropteryx semipunctata"
"23","Asterropteryx","sp",0,"0",0,"1",0,"0",0,0,0,0,0,"0","0",0,"0",0,0,0,"0","0","0",0,"Asterropteryx sp"
"24","Atherinomorus","endrachtensis",0,"0",0,"0",0,"1",1,0,1,1,1,"1","1",1,"0",1,0,0,"1","0","0",0,"Atherinomorus endrachtensis"
"25","Atherinomorus","sp",1,"0",0,"1",0,"0",1,1,1,1,1,"1","1",1,"1",0,0,0,"0","0","0",0,"Atherinomorus sp"
"26","Atule","mate",0,"0",0,"0",0,"0",1,0,0,0,0,"0","0",0,"0",0,0,0,"0","0","0",0,"Atule mate"
"27","Balistoides","viridescens",0,"1",0,"0",0,"0",1,0,1,1,0,"1","0",0,"0",0,0,1,"0","0","0",0,"Balistoides viridescens"
"28","Bolbometopon","muricatum",0,"0",0,"0",0,"0",0,0,1,0,0,"0","0",0,"0",1,0,1,"0","0","0",0,"Bolbometopon muricatum"
"29","Caesio","caerulaurea",0,"0",0,"0",1,"0",0,0,0,0,0,"1","0",0,"0",0,0,0,"0","0","0",0,"Caesio caerulaurea"
"30","Caesio","cuning",0,"0",0,"0",1,"0",1,0,1,1,0,"1","0",1,"0",1,1,1,"1","0","0",0,"Caesio cuning"
"31","Caesio","teres",0,"1",0,"0",0,"0",0,0,0,0,0,"0","0",0,"0",0,0,0,"0","0","0",0,"Caesio teres"
"32","Cantherhines","dumerilii",0,"0",0,"0",0,"0",0,0,0,0,0,"0","0",0,"0",0,0,1,"0","0","0",0,"Cantherhines dumerilii"
"33","Canthigaster","bennetti",0,"0",0,"0",0,"0",0,0,0,0,0,"0","0",0,"0",0,0,1,"0","0","0",0,"Canthigaster bennetti"
"34","Canthigaster","solandri",0,"0",0,"0",0,"0",0,1,0,0,0,"0","0",0,"0",0,0,0,"0","0","0",0,"Canthigaster solandri"
"35","Caranx","ignobilis",0,"0",0,"0",0,"0",0,0,1,0,0,"0","0",0,"0",0,0,0,"0","0","0",0,"Caranx ignobilis"
"36","Caranx","melampygus",0,"0",0,"0",1,"0",0,0,1,1,0,"1","0",1,"0",0,0,0,"1","0","0",0,"Caranx melampygus"
"37","Caranx","papuensis",0,"1",0,"0",0,"0",0,0,0,0,0,"0","0",0,"0",0,0,0,"0","0","0",0,"Caranx papuensis"
"38","Caranx","sexfasciatus",0,"0",0,"1",0,"0",0,0,1,0,0,"1","1",0,"0",0,0,1,"1","0","0",0,"Caranx sexfasciatus"
"39","Cephalopholis","argus",0,"0",0,"0",0,"0",0,0,0,0,0,"0","0",1,"0",0,0,0,"0","0","0",0,"Cephalopholis argus"
"40","Cephalopholis","boenak",0,"0",0,"0",0,"0",0,0,0,0,0,"0","0",0,"0",0,1,1,"0","0","0",0,"Cephalopholis boenak"
"41","Diplogrammus","goramensis",0,"0",0,"0",0,"0",0,0,1,0,0,"1","0",0,"0",0,0,0,"0","0","0",0,"Diplogrammus goramensis"
"42","Chaetodon","auriga",0,"0",0,"1",1,"0",1,0,1,1,0,"1","1",0,"0",1,1,1,"0","0","0",0,"Chaetodon auriga"
"43","Chaetodon","bennetti",0,"0",0,"0",0,"0",1,0,0,0,0,"0","0",0,"0",0,0,1,"0","0","0",0,"Chaetodon bennetti"
"44","Chaetodon","ephippium",1,"1",0,"0",1,"0",1,0,1,1,0,"0","0",0,"0",1,1,1,"0","0","0",0,"Chaetodon ephippium"
"45","Chaetodon","kleinii",0,"1",0,"0",0,"0",1,0,0,0,0,"0","0",0,"0",0,0,1,"0","0","0",0,"Chaetodon kleinii"
"46","Acanthurus","lineatus",0,"0",0,"0",0,"0",1,0,0,0,0,"0","0",0,"0",0,0,0,"0","0","0",0,"Acanthurus lineatus"
"47","Chaetodon","lunula",0,"1",0,"1",1,"0",0,0,1,1,1,"0","0",0,"0",0,0,1,"0","0","0",0,"Chaetodon lunula"
"48","Chaetodon","lunulatus",0,"1",0,"0",1,"0",1,0,1,0,0,"0","0",0,"0",1,1,0,"0","0","0",0,"Chaetodon lunulatus"
"49","Chaetodon","melannotus",0,"0",0,"0",1,"0",0,0,0,0,0,"0","0",0,"0",0,0,0,"0","0","0",0,"Chaetodon melannotus"
"50","Chaetodon","ocellicaudus",0,"0",0,"0",0,"0",0,0,1,0,0,"0","0",0,"0",0,0,0,"0","0","0",0,"Chaetodon ocellicaudus"
"51","Chaetodon","octofasciatus",0,"0",0,"0",0,"0",0,0,0,0,0,"0","0",0,"0",0,1,1,"0","0","0",0,"Chaetodon octofasciatus"
"52","Chaetodon","rafflesii",0,"0",0,"0",0,"0",1,0,1,0,0,"0","0",0,"0",0,1,1,"0","0","0",0,"Chaetodon rafflesii"
"53","Chaetodon","semeion",0,"0",0,"0",1,"0",0,0,0,0,0,"0","0",0,"0",0,0,1,"0","0","0",0,"Chaetodon semeion"
"54","Chaetodon","trifascialis",0,"0",0,"0",0,"0",0,0,0,0,0,"0","0",0,"0",0,0,1,"0","0","0",0,"Chaetodon trifascialis"
"55","Chaetodon","ulietensis",0,"0",0,"0",1,"0",0,0,1,0,0,"0","0",0,"0",1,0,1,"0","0","0",0,"Chaetodon ulietensis"
"56","Chaetodon","vagabundus",0,"1",0,"1",1,"0",1,1,1,1,0,"1","0",0,"0",1,0,1,"0","0","0",0,"Chaetodon vagabundus"
"57","Chaetodontoplus","poliourus",0,"0",0,"0",0,"0",0,0,0,0,0,"0","0",0,"0",0,0,1,"0","0","0",0,"Chaetodontoplus poliourus"
"58","Cheilinus","fasciatus",0,"0",0,"0",0,"0",1,0,0,0,0,"0","0",0,"0",0,1,1,"0","0","0",0,"Cheilinus fasciatus"
"59","Cheilinus","trilobatus",0,"0",0,"0",0,"0",1,0,0,0,0,"0","0",0,"0",0,0,0,"0","0","0",0,"Cheilinus trilobatus"
"60","Cheilinus","undulatus",0,"0",0,"0",0,"0",0,0,1,0,0,"0","0",0,"0",1,0,0,"0","0","0",0,"Cheilinus undulatus"
"61","Cheilodipterus","artus",0,"0",0,"0",0,"0",1,0,1,0,0,"1","0",1,"0",0,1,0,"0","0","0",0,"Cheilodipterus artus"
"62","Cheilodipterus","isostigma",0,"0",0,"0",0,"0",0,0,0,1,0,"0","0",0,"0",1,0,0,"0","0","0",0,"Cheilodipterus isostigma"
"63","Cheilodipterus","quinquelineatus",0,"1",0,"0",1,"0",1,0,1,1,0,"1","0",0,"0",1,1,1,"0","0","0",0,"Cheilodipterus quinquelineatus"
"64","Cheilodipterus","singapurensis",1,"0",0,"0",1,"0",0,0,0,0,0,"0","0",0,"0",0,0,0,"0","0","0",0,"Cheilodipterus singapurensis"
"65","Choerodon","anchorago",1,"1",0,"1",1,"0",1,1,1,1,0,"1","1",0,"0",1,0,1,"0","0","0",0,"Choerodon anchorago"
"66","Chlorurus","bleekeri",0,"0",0,"0",0,"0",1,0,0,0,0,"0","0",0,"0",1,1,1,"0","0","0",0,"Chlorurus bleekeri"
"67","Chlorurus","microrhinos",0,"0",0,"0",0,"0",0,0,1,0,0,"0","0",0,"0",0,0,1,"0","0","0",0,"Chlorurus microrhinos"
"68","Chlorurus","spilurus",0,"0",0,"0",0,"0",1,0,1,0,0,"0","0",0,"0",0,1,1,"0","0","0",0,"Chlorurus spilurus"
"69","Chromis","viridis",0,"0",0,"0",1,"0",0,0,1,0,0,"0","0",0,"0",1,0,0,"0","0","0",0,"Chromis viridis"
"70","Chrysiptera","cyanea",0,"0",0,"0",0,"0",0,0,0,0,0,"0","0",0,"0",0,0,0,"0","0","0",0,"Chrysiptera cyanea"
"71","Chrysiptera","oxycephala",0,"1",0,"0",1,"0",1,0,1,0,0,"1","0",1,"0",1,1,0,"0","0","0",0,"Chrysiptera oxycephala"
"72","Chrysiptera","biocellata",0,"0",0,"0",0,"0",0,1,0,1,0,"0","0",0,"0",0,0,0,"0","0","0",0,"Chrysiptera biocellata"
"73","Fusigobius","signipinnis",0,"1",0,"0",0,"0",0,0,1,0,0,"0","0",0,"0",0,0,1,"0","0","0",0,"Fusigobius signipinnis"
"74","Corythoichthys","ocellatus",0,"0",0,"0",0,"0",0,0,0,0,0,"0","0",0,"0",0,0,1,"0","0","0",0,"Corythoichthys ocellatus"
"75","Cryptocentrus","strigilliceps",0,"0",0,"1",0,"0",0,0,1,0,0,"0","0",0,"0",0,1,0,"0","0","0",0,"Cryptocentrus strigilliceps"
"76","Cryptocentrus","caeruleomaculatus",0,"0",0,"0",0,"0",0,0,0,1,1,"1","0",0,"0",1,0,0,"1","0","0",0,"Cryptocentrus caeruleomaculatus"
"77","Cryptocentrus","cyanospilotus",0,"0",0,"0",0,"0",0,0,0,0,0,"0","0",0,"0",0,0,0,"1","0","0",0,"Cryptocentrus cyanospilotus"
"78","Cryptocentrus","leptocephalus",0,"0",0,"0",0,"0",0,0,1,1,0,"0","0",0,"0",0,0,0,"0","0","0",0,"Cryptocentrus leptocephalus"
"79","Cryptocentrus","strigilliceps",0,"0",0,"0",0,"0",0,0,0,0,0,"0","0",0,"0",1,0,0,"0","0","0",0,"Cryptocentrus strigilliceps"
"80","Ctenochaetus","striatus",0,"0",0,"0",0,"0",1,0,1,0,0,"0","0",1,"0",1,1,1,"0","0","0",0,"Ctenochaetus striatus"
"81","Ctenogobiops","pomastictus",0,"0",0,"0",0,"0",0,0,0,0,0,"1","0",0,"0",0,0,0,"0","0","0",0,"Ctenogobiops pomastictus"
"82","Cymbacephalus","beauforti",0,"0",0,"0",0,"0",0,0,1,0,0,"0","0",0,"0",0,0,0,"0","0","0",0,"Cymbacephalus beauforti"
"83","Dascyllus","aruanus",0,"0",0,"0",0,"0",1,0,1,0,0,"1","0",0,"0",1,0,0,"0","0","0",0,"Dascyllus aruanus"
"84","Dascyllus","trimaculatus",0,"0",0,"0",0,"0",0,0,0,0,0,"0","0",0,"0",0,0,1,"0","0","0",0,"Dascyllus trimaculatus"
"85","Diproctacanthus","xanthurus",0,"0",0,"0",0,"0",1,0,0,0,0,"0","0",0,"0",0,0,1,"0","0","0",0,"Diproctacanthus xanthurus"
"86","Dischistodus","chrysopoecilus",0,"0",0,"0",0,"0",0,0,1,0,0,"0","1",0,"0",0,0,0,"0","0","0",0,"Dischistodus chrysopoecilus"
"87","Dischistodus","perspicillatus",0,"1",0,"0",0,"0",1,0,1,1,0,"1","0",0,"0",1,0,0,"0","0","0",0,"Dischistodus perspicillatus"
"88","Eleotris","fusca",0,"0",0,"0",0,"0",0,0,0,0,0,"0","0",0,"1",0,0,0,"1","0","0",1,"Eleotris fusca"
"89","Epibulus","brevis",0,"1",0,"0",0,"0",1,0,0,0,0,"0","0",0,"0",1,1,1,"0","0","0",0,"Epibulus brevis"
"90","Epinephelus","coeruleopunctatus",0,"0",0,"1",0,"0",0,0,0,1,0,"0","0",0,"0",0,0,0,"0","0","0",0,"Epinephelus coeruleopunctatus"
"91","Epinephelus","merra",0,"1",0,"0",0,"0",1,0,0,0,0,"0","0",0,"0",1,1,0,"0","0","0",0,"Epinephelus merra"
"92","Epinephelus","sp",0,"0",0,"0",0,"0",0,0,0,0,0,"0","1",0,"0",0,0,0,"0","0","0",0,"Epinephelus sp"
"93","Eviota","atriventris",0,"1",0,"0",0,"0",0,0,0,0,0,"1","0",0,"0",0,0,1,"0","0","0",0,"Eviota atriventris"
"94","Eviota","bifasciata",0,"1",0,"0",1,"0",1,0,0,0,0,"1","0",0,"0",1,1,1,"0","0","0",0,"Eviota bifasciata"
"95","Eviota","fallax",0,"1",0,"0",1,"0",1,0,0,0,0,"0","0",0,"0",1,1,1,"0","0","0",0,"Eviota fallax"
"96","Eviota","lachdeberei",0,"1",0,"0",1,"0",0,0,1,0,0,"1","0",0,"0",0,0,0,"0","0","0",0,"Eviota lachdeberei"
"97","Eviota","maculosa",0,"0",0,"0",0,"0",0,0,0,0,0,"0","0",0,"0",1,0,0,"0","0","0",0,"Eviota maculosa"
"98","Eviota","sigillata",0,"1",0,"0",1,"0",0,0,0,0,0,"0","0",0,"0",0,0,0,"0","0","0",0,"Eviota sigillata"
"99","Eviota","storthynx",0,"0",0,"0",1,"0",0,0,1,1,0,"0","0",0,"0",0,0,0,"0","0","0",0,"Eviota storthynx"
"100","Eviota","sp",0,"0",0,"1",0,"0",0,0,0,0,0,"0","0",0,"0",0,0,0,"0","0","0",0,"Eviota sp"
"101","Exyrias","belissimus",1,"0",0,"0",1,"0",1,0,1,1,0,"1","0",0,"0",1,0,0,"0","0","0",0,"Exyrias belissimus"
"102","Exyrias","puntang",0,"0",1,"1",0,"0",0,1,0,0,1,"0","1",0,"0",0,0,0,"1","1","0",1,"Exyrias puntang"
"103","Favonigobius","reichei",0,"0",0,"0",0,"0",0,0,1,1,0,"0","0",0,"0",0,0,0,"0","0","0",0,"Favonigobius reichei"
"104","Fibramia","lateralis",1,"0",0,"1",0,"0",0,1,1,1,1,"0","1",0,"1",0,0,0,"1","0","1",0,"Fibramia lateralis"
"105","Fibramia","thermalis",0,"0",0,"0",0,"0",0,0,1,1,1,"1","0",0,"0",1,0,0,"0","0","0",0,"Fibramia thermalis"
"106","Gerres","erythrourus",0,"0",0,"0",0,"0",0,0,1,0,0,"0","0",0,"0",0,0,0,"0","0","0",0,"Gerres erythrourus"
"107","Gerres","oyena",0,"0",0,"0",0,"0",0,1,1,0,0,"0","0",0,"0",0,0,0,"0","0","0",0,"Gerres oyena"
"108","Gladiogobius","ensifer",0,"0",0,"0",0,"0",0,0,0,0,0,"0","0",0,"0",1,0,0,"0","0","0",0,"Gladiogobius ensifer"
"109","Gnathanodon","speciosus",0,"0",0,"0",0,"0",0,0,0,0,0,"1","0",0,"0",0,0,0,"1","0","0",0,"Gnathanodon speciosus"
"110","Gobiodon","okinawae",0,"0",0,"0",0,"0",1,0,0,0,0,"0","0",0,"0",0,0,0,"0","0","0",0,"Gobiodon okinawae"
"111","Gymnothorax","pictus",0,"0",0,"0",0,"0",0,1,0,1,0,"0","0",0,"0",0,0,0,"0","0","0",0,"Gymnothorax pictus"
"112","Halichoeres","chloropterus",0,"1",0,"0",1,"0",1,0,1,0,0,"1","0",1,"0",0,1,1,"0","0","0",0,"Halichoeres chloropterus"
"113","Halichoeres","leucurus",0,"1",0,"0",0,"0",1,0,0,0,0,"0","0",0,"0",0,1,1,"0","0","0",0,"Halichoeres leucurus"
"114","Halichoeres","margaritaceus",0,"0",0,"0",0,"0",0,0,0,0,0,"0","0",0,"0",0,0,0,"0","0","0",0,"Halichoeres margaritaceus"
"115","Halichoeres","marginatus",0,"0",0,"0",0,"0",0,0,1,0,0,"0","0",0,"0",0,0,0,"0","0","0",0,"Halichoeres marginatus"
"116","Halichoeres","melanurus",0,"0",0,"0",1,"0",1,0,1,1,0,"0","0",1,"0",1,0,0,"0","0","0",0,"Halichoeres melanurus"
"117","Halichoeres","papilionaceus",0,"0",0,"0",0,"0",1,0,1,1,0,"0","0",0,"0",0,0,0,"0","0","0",0,"Halichoeres papilionaceus"
"118","Halichoeres","trimaculatus",0,"0",0,"0",0,"0",0,1,1,0,0,"0","0",0,"0",0,0,0,"0","0","0",0,"Halichoeres trimaculatus"
"119","Hemiglyphidodon","plagiometopon",0,"0",0,"1",1,"0",1,0,1,1,0,"0","0",1,"0",1,1,1,"0","0","0",0,"Hemiglyphidodon plagiometopon"
"120","Hemigymnus","melapterus",0,"0",0,"0",0,"0",0,0,1,0,0,"0","0",0,"0",0,0,1,"0","0","0",0,"Hemigymnus melapterus"
"121","Heniochus","chrysostomus",0,"0",0,"0",0,"0",1,0,1,0,0,"0","0",0,"0",0,0,1,"0","0","0",0,"Heniochus chrysostomus"
"122","Heniochus","monoceros",0,"0",0,"0",1,"0",0,0,1,1,0,"0","0",0,"0",0,0,0,"0","0","0",0,"Heniochus monoceros"
"123","Herklotsichthys","quadrimaculatus",0,"0",0,"0",0,"0",0,0,1,0,0,"0","0",0,"0",0,0,0,"0","0","0",0,"Herklotsichthys quadrimaculatus"
"124","Pateobatis","fai",0,"0",0,"0",0,"0",0,0,0,0,0,"0","0",0,"0",0,0,0,"0","0","0",0,"Pateobatis fai"
"125","Hipposcarus","longiceps",0,"0",0,"0",0,"0",0,0,1,0,0,"0","0",0,"0",1,1,1,"0","0","0",0,"Hipposcarus longiceps"
"126","Istigobius","decoratus",0,"0",0,"0",0,"0",0,0,1,0,0,"0","0",0,"0",0,0,0,"0","0","0",0,"Istigobius decoratus"
"127","Kyphosus","cinerascens",0,"0",0,"0",0,"0",1,0,1,0,0,"0","0",1,"0",0,0,0,"0","0","0",0,"Kyphosus cinerascens"
"128","Lethrinus","erythropterus",0,"1",0,"0",0,"0",0,0,1,1,0,"1","0",0,"0",0,0,0,"0","0","0",0,"Lethrinus erythropterus"
"129","Lethrinus","harak",0,"0",0,"1",0,"0",0,1,1,1,0,"1","1",0,"0",0,0,0,"0","0","0",0,"Lethrinus harak"
"130","Lethrinus","obsoletus",0,"0",0,"0",0,"0",0,0,0,0,0,"1","0",0,"0",0,0,0,"0","0","0",0,"Lethrinus obsoletus"
"131","Lethrinus","olivaceus",0,"0",0,"0",0,"0",0,0,0,0,0,"1","0",0,"0",0,0,0,"0","0","0",0,"Lethrinus olivaceus"
"132","Lutjanus","argentimaculatus",1,"0",0,"0",0,"0",0,0,1,1,1,"1","0",0,"0",0,0,0,"0","1","0",0,"Lutjanus argentimaculatus"
"133","Lutjanus","biguttatus",0,"0",0,"0",1,"0",0,0,0,0,0,"1","0",1,"0",0,0,0,"0","0","0",0,"Lutjanus biguttatus"
"134","Lutjanus","bohar",0,"0",0,"0",1,"0",0,0,0,0,0,"0","0",0,"0",0,0,1,"0","0","0",0,"Lutjanus bohar"
"135","Lutjanus","decussatus",0,"0",0,"0",0,"0",0,0,0,0,0,"1","0",0,"0",0,0,0,"0","0","0",0,"Lutjanus decussatus"
"136","Lutjanus","ehrenbergii",0,"0",0,"1",0,"0",0,0,1,1,0,"1","1",0,"0",0,0,0,"0","0","0",0,"Lutjanus ehrenbergii"
"137","Lutjanus","fulviflamma",1,"1",0,"0",0,"0",0,0,1,1,1,"0","0",0,"0",0,0,0,"0","0","0",0,"Lutjanus fulviflamma"
"138","Lutjanus","fulvus",1,"1",0,"1",1,"0",0,1,1,1,1,"1","1",0,"0",0,0,0,"1","1","0",0,"Lutjanus fulvus"
"139","Lutjanus","gibbus",0,"0",0,"0",1,"0",0,0,1,0,0,"1","0",0,"0",0,0,1,"0","0","0",0,"Lutjanus gibbus"
"140","Lutjanus","monostigma",0,"0",0,"0",0,"0",0,0,1,0,1,"0","0",0,"0",0,0,0,"0","0","0",0,"Lutjanus monostigma"
"141","Lutjanus","russellii",0,"0",0,"1",0,"0",0,0,0,0,0,"0","0",0,"0",0,0,0,"0","0","0",0,"Lutjanus russellii"
"142","Macrodontogobius","wilburi",0,"1",0,"0",1,"0",1,0,1,0,0,"0","0",0,"0",1,1,0,"0","0","0",0,"Macrodontogobius wilburi"
"143","Megalops","cyprinoides",0,"0",0,"0",0,"0",0,0,0,0,0,"0","0",0,"0",0,0,0,"0","0","0",1,"Megalops cyprinoides"
"144","Meiacanthus","ditrema",0,"0",0,"0",0,"0",0,0,0,0,0,"0","0",0,"0",0,1,0,"0","0","0",0,"Meiacanthus ditrema"
"145","Meiacanthus","grammistes",0,"0",0,"0",0,"0",0,0,0,0,0,"0","0",0,"0",0,1,1,"0","0","0",0,"Meiacanthus grammistes"
"146","Monodactylus","argenteus",0,"0",0,"1",0,"0",0,0,1,0,0,"0","0",0,"0",0,0,0,"1","0","0",0,"Monodactylus argenteus"
"147","Monotaxis","grandoculis",0,"0",0,"0",0,"0",0,0,1,0,0,"1","0",1,"0",0,0,1,"0","0","0",0,"Monotaxis grandoculis"
"148","Mugilogobius","cavifrons",0,"0",1,"0",0,"0",0,0,0,0,0,"0","0",0,"0",0,0,0,"0","0","0",0,"Mugilogobius cavifrons"
"149","Mulloidichthys","flavolineatus",0,"0",0,"0",0,"0",0,0,1,0,0,"0","0",0,"0",0,0,0,"0","0","0",0,"Mulloidichthys flavolineatus"
"150","Myripristis","adusta",0,"1",0,"1",1,"0",0,0,1,1,0,"1","0",0,"0",0,0,0,"0","0","0",0,"Myripristis adusta"
"151","Myripristis","violacea",0,"0",0,"0",0,"0",0,0,0,0,0,"0","0",0,"0",0,0,1,"0","0","0",0,"Myripristis violacea"
"152","Myripristis","sp",0,"0",0,"0",0,"0",0,0,0,1,0,"0","0",0,"0",0,0,0,"0","0","0",0,"Myripristis sp"
"153","Naso","brevirostris",0,"0",0,"0",0,"0",0,0,0,1,0,"1","0",0,"0",0,1,1,"0","0","0",0,"Naso brevirostris"
"154","Naso","vlamingii",0,"0",0,"0",0,"0",1,0,0,0,0,"1","0",0,"0",0,1,0,"0","0","0",0,"Naso vlamingii"
"155","Nectamia","viria",0,"0",0,"0",1,"0",0,0,0,0,0,"0","0",0,"0",0,0,0,"0","0","0",0,"Nectamia viria"
"156","Neoglyphidodon","melas",0,"0",0,"0",0,"0",0,0,0,0,0,"0","0",1,"0",0,0,0,"0","0","0",0,"Neoglyphidodon melas"
"157","Neoniphon","argenteus",1,"0",0,"0",1,"0",0,0,0,1,0,"0","0",0,"0",0,0,0,"0","0","0",0,"Neoniphon argenteus"
"158","Neoniphon","opercularis",0,"0",0,"0",0,"0",0,0,0,0,0,"0","0",1,"0",0,0,0,"0","0","0",0,"Neoniphon opercularis"
"159","Neoniphon","sammara",0,"1",0,"0",0,"0",0,0,1,1,0,"1","0",0,"0",0,1,0,"0","0","0",0,"Neoniphon sammara"
"160","Neopomacentrus","nemurus",0,"1",0,"0",1,"0",0,0,0,1,0,"1","0",1,"0",1,0,1,"0","0","0",0,"Neopomacentrus nemurus"
"161","Omobranchus","obliquus",0,"0",0,"1",0,"0",0,0,0,1,0,"0","0",0,"0",0,0,0,"1","0","0",0,"Omobranchus obliquus"
"162","Oplopomops","diacanthus",0,"0",0,"0",0,"0",0,0,1,0,0,"0","0",0,"0",0,0,0,"0","0","0",0,"Oplopomops diacanthus"
"163","Oxycheilinus","celebicus",0,"1",0,"0",0,"0",1,0,0,0,0,"0","0",1,"0",0,1,1,"0","0","0",0,"Oxycheilinus celebicus"
"164","Parapercis","cylindrica",0,"0",0,"0",0,"0",0,0,1,0,0,"0","0",0,"0",0,0,0,"0","0","0",0,"Parapercis cylindrica"
"165","Parioglossus","sp",0,"0",0,"0",0,"0",0,0,0,1,0,"0","0",0,"0",0,0,1,"0","0","0",0,"Parioglossus sp"
"166","Parioglossus","formosus",0,"0",0,"0",1,"0",0,0,0,0,0,"0","0",0,"0",0,0,0,"0","0","0",1,"Parioglossus formosus"
"167","Parioglossus","philippinus",0,"1",0,"0",0,"0",1,0,0,0,0,"1","0",0,"0",0,0,0,"0","0","0",0,"Parioglossus philippinus"
"168","Parupeneus","barberinus",0,"1",0,"0",0,"0",1,1,1,0,0,"1","0",0,"0",0,1,1,"0","0","0",0,"Parupeneus barberinus"
"169","Parupeneus","multifasciatus",0,"1",0,"0",1,"0",1,0,0,1,0,"1","0",0,"0",1,1,1,"0","0","0",0,"Parupeneus multifasciatus"
"170","Pentapodus","trivittatus",0,"0",0,"0",1,"0",1,0,1,1,0,"1","0",0,"0",1,1,1,"0","0","0",0,"Pentapodus trivittatus"
"171","Periophthalmus","argentilineatus",0,"0",0,"0",0,"0",0,1,0,0,0,"0","0",0,"0",0,0,0,"0","0","0",0,"Periophthalmus argentilineatus"
"172","Pervagor","janthinosoma",0,"0",0,"0",0,"0",1,0,0,0,0,"0","0",0,"0",0,0,0,"0","0","0",0,"Pervagor janthinosoma"
"173","Pervagor","nigrolineatus",0,"1",0,"0",0,"0",0,0,1,0,0,"0","0",0,"0",1,0,0,"0","0","0",0,"Pervagor nigrolineatus"
"174","Petroscirtes","breviceps",0,"1",0,"0",0,"0",0,0,1,1,0,"0","0",0,"0",0,1,1,"0","0","0",0,"Petroscirtes breviceps"
"175","Platax","orbicularis",0,"0",0,"0",0,"0",0,0,0,1,0,"1","0",0,"0",0,0,0,"0","0","0",0,"Platax orbicularis"
"176","Platax","pinnatus",0,"1",0,"0",0,"0",0,0,0,0,0,"0","0",0,"0",0,0,0,"0","0","0",0,"Platax pinnatus"
"177","Platax","sp",0,"0",0,"0",0,"0",0,0,0,0,0,"0","1",0,"0",0,0,0,"0","0","0",0,"Platax sp"
"178","Plectorhinchus","albovittatus",0,"0",0,"1",0,"0",0,0,0,0,0,"0","0",0,"0",0,0,0,"0","0","0",0,"Plectorhinchus albovittatus"
"179","Plectorhinchus","chaetodonoides",0,"0",0,"0",0,"0",0,0,0,0,0,"0","0",0,"0",1,0,0,"0","0","0",0,"Plectorhinchus chaetodonoides"
"180","Plectorhinchus","gibbosus",0,"0",0,"0",0,"0",0,0,1,0,0,"0","0",0,"0",0,0,0,"0","0","0",0,"Plectorhinchus gibbosus"
"181","Plectropomus","leopardus",0,"0",0,"0",0,"0",0,0,0,0,0,"0","0",0,"0",0,0,1,"0","0","0",0,"Plectropomus leopardus"
"182","Pomacanthus","sexstriatus",0,"0",0,"0",1,"0",0,0,1,0,0,"0","0",0,"0",0,0,0,"0","0","0",0,"Pomacanthus sexstriatus"
"183","Pomacentrus","adelus",0,"0",0,"0",0,"0",0,1,0,0,0,"0","0",0,"0",0,0,0,"0","0","0",0,"Pomacentrus adelus"
"184","Pomacentrus","amboinensis",0,"0",0,"0",0,"0",0,0,0,0,0,"0","0",0,"0",0,0,1,"0","0","0",0,"Pomacentrus amboinensis"
"185","Pomacentrus","burroughi",0,"1",0,"1",1,"0",1,0,0,0,0,"0","0",0,"0",1,1,1,"0","0","0",0,"Pomacentrus burroughi"
"186","Pomacentrus","grammorhynchus",0,"0",0,"0",0,"0",0,0,1,0,0,"0","0",0,"0",0,0,0,"0","0","0",0,"Pomacentrus grammorhynchus"
"187","Pomacentrus","nagasakiensis",0,"0",0,"0",0,"0",0,0,0,0,0,"0","0",0,"0",0,0,0,"0","0","0",0,"Pomacentrus nagasakiensis"
"188","Pomacentrus","nigromanus",0,"1",0,"0",0,"0",0,0,0,0,0,"0","0",1,"0",0,0,1,"0","0","0",0,"Pomacentrus nigromanus"
"189","Pomacentrus","pavo",0,"0",0,"0",0,"0",0,0,0,0,0,"0","0",0,"0",0,0,1,"0","0","0",0,"Pomacentrus pavo"
"190","Pomacentrus","taeniometopon",0,"0",0,"1",0,"0",0,0,0,0,0,"0","0",0,"0",0,0,0,"0","0","0",0,"Pomacentrus taeniometopon"
"191","Pomacentrus","sp 2",0,"0",0,"0",0,"0",0,0,0,0,0,"0","0",0,"0",0,0,0,"0","0","0",0,"Pomacentrus sp 2"
"192","Pomacentrus","sp",0,"0",0,"0",0,"0",0,0,1,0,0,"0","0",1,"0",0,0,0,"0","0","0",0,"Pomacentrus sp"
"193","Pomacentrus","simsiang",1,"1",0,"1",0,"0",1,1,1,0,0,"1","0",0,"0",1,1,1,"0","0","0",0,"Pomacentrus simsiang"
"194","Pseudobalistes","flavimarginatus",0,"1",0,"0",0,"0",1,0,1,0,0,"1","0",0,"0",0,1,1,"0","0","0",0,"Pseudobalistes flavimarginatus"
"195","Pseudochromis","fuscus",0,"0",0,"0",0,"0",0,0,0,0,0,"0","0",0,"0",0,0,1,"0","0","0",0,"Pseudochromis fuscus"
"196","Ptereleotris","evides",0,"0",0,"0",0,"0",0,0,0,0,0,"0","0",0,"0",0,0,1,"0","0","0",0,"Ptereleotris evides"
"197","Ptereleotris","brachyptera",0,"1",0,"0",0,"0",0,0,0,0,0,"0","0",0,"0",0,0,1,"0","0","0",0,"Ptereleotris brachyptera"
"198","Pterocaesio","tile",0,"0",0,"0",0,"0",0,0,0,0,0,"1","0",0,"0",0,0,0,"0","0","0",0,"Pterocaesio tile"
"199","Pterocaesio","trilineata",0,"0",0,"0",1,"0",0,0,0,0,0,"0","0",0,"0",0,0,0,"0","0","0",0,"Pterocaesio trilineata"
"200","Pterois","volitans",0,"1",0,"0",0,"0",0,0,0,0,0,"0","0",0,"0",0,0,0,"0","0","0",0,"Pterois volitans"
"201","Rastrelliger","kanagurta",0,"0",0,"0",0,"0",1,0,0,0,0,"0","0",0,"0",1,0,0,"0","0","0",0,"Rastrelliger kanagurta"
"202","Rhabdamia","gracilis",0,"1",0,"1",0,"0",0,0,0,0,1,"0","0",0,"0",0,1,0,"1","0","0",0,"Rhabdamia gracilis"
"203","Rhinecanthus","aculeatus",0,"0",0,"0",0,"0",1,0,0,1,0,"0","0",0,"0",0,0,1,"0","0","0",0,"Rhinecanthus aculeatus"
"204","Salarias","segmentatus",0,"1",0,"0",1,"0",1,0,0,1,0,"1","0",0,"0",0,1,1,"0","0","0",0,"Salarias segmentatus"
"205","Sargocentron","diadema",0,"0",0,"0",1,"0",1,0,0,0,0,"0","0",0,"0",0,0,0,"0","0","0",0,"Sargocentron diadema"
"206","Sargocentron","spiniferum",0,"0",0,"0",0,"0",0,0,0,1,0,"0","0",0,"0",0,0,0,"0","0","0",0,"Sargocentron spiniferum"
"207","Saurida","gracilis",0,"0",0,"0",0,"0",1,0,0,0,0,"0","0",0,"0",0,0,0,"0","0","0",0,"Saurida gracilis"
"208","Scarus","dimidiatus",0,"0",0,"0",0,"0",1,0,1,0,0,"0","0",0,"0",0,1,1,"0","0","0",0,"Scarus dimidiatus"
"209","Scarus","rivulatus",0,"0",0,"0",0,"0",0,0,0,0,0,"0","0",0,"0",1,0,1,"0","0","0",0,"Scarus rivulatus"
"210","Scarus","flavipectoralis",0,"0",0,"0",0,"0",1,0,0,0,0,"0","0",0,"0",0,0,1,"0","0","0",0,"Scarus flavipectoralis"
"211","Scarus","ghobban",0,"0",0,"0",0,"0",0,0,0,1,0,"0","0",0,"0",0,0,1,"0","0","0",0,"Scarus ghobban"
"212","Scarus","hypselopterus",0,"0",0,"0",0,"0",1,0,0,0,0,"0","0",0,"0",0,0,0,"0","0","0",0,"Scarus hypselopterus"
"213","Scarus","oviceps",0,"0",0,"0",0,"0",0,0,0,0,0,"0","0",0,"0",0,1,0,"0","0","0",0,"Scarus oviceps"
"214","Scarus","psittacus",0,"0",0,"0",1,"0",0,0,1,1,0,"0","0",0,"0",0,1,1,"0","0","0",0,"Scarus psittacus"
"215","Scarus","quoyi",0,"0",0,"0",0,"0",0,0,0,0,0,"0","0",0,"0",0,0,1,"0","0","0",0,"Scarus quoyi"
"216","Scatophagus","argus",0,"0",0,"0",0,"0",0,0,0,0,1,"0","0",0,"0",0,0,0,"0","0","0",0,"Scatophagus argus"
"217","Scolopsis","ciliata",0,"1",0,"0",0,"0",0,0,1,1,0,"1","0",0,"0",1,1,1,"0","0","0",0,"Scolopsis ciliata"
"218","Scolopsis","margaritifera",0,"1",0,"0",1,"0",1,0,1,1,0,"0","0",1,"0",1,0,1,"0","0","0",0,"Scolopsis margaritifera"
"219","Scolopsis","lineata",0,"0",0,"0",0,"0",0,0,1,1,0,"0","0",0,"0",0,0,0,"0","0","0",0,"Scolopsis lineata"
"220","Scolopsis","trilineata",0,"0",0,"0",1,"0",0,0,0,1,0,"1","0",0,"0",0,0,0,"0","0","0",0,"Scolopsis trilineata"
"221","Siganus","doliatus",0,"0",0,"0",0,"0",0,0,1,0,0,"0","0",0,"0",1,0,1,"0","0","0",0,"Siganus doliatus"
"222","Siganus","fuscescens",0,"0",0,"0",0,"0",1,0,1,0,0,"1","0",0,"0",0,0,0,"0","0","0",0,"Siganus fuscescens"
"223","Siganus","lineatus",1,"1",0,"1",0,"0",0,1,1,1,1,"0","1",0,"0",0,0,1,"1","1","0",0,"Siganus lineatus"
"224","Siganus","puellus",0,"0",0,"0",0,"0",0,0,0,0,0,"0","0",0,"0",1,1,1,"0","0","0",0,"Siganus puellus"
"225","Siganus","punctatissimus",0,"0",0,"0",0,"0",0,0,0,0,0,"0","0",0,"0",0,0,1,"0","0","0",0,"Siganus punctatissimus"
"226","Siganus","punctatus",0,"0",0,"0",0,"0",0,0,0,0,0,"0","0",0,"0",0,0,1,"0","0","0",0,"Siganus punctatus"
"227","Signigobius","biocellatus",0,"0",0,"0",0,"0",1,0,0,0,0,"0","0",0,"0",0,0,0,"0","0","0",0,"Signigobius biocellatus"
"228","Silhouettea","sp",0,"0",0,"0",0,"0",0,0,0,0,0,"0","0",0,"0",0,0,0,"1","0","0",0,"Silhouettea sp"
"229","Sphaeramia","nematoptera",1,"1",0,"0",0,"0",1,0,1,0,0,"0","0",0,"0",1,1,0,"0","0","0",0,"Sphaeramia nematoptera"
"230","Sphaeramia","orbicularis",1,"1",0,"1",1,"1",1,0,1,1,1,"1","0",0,"0",0,0,0,"0","1","1",0,"Sphaeramia orbicularis"
"231","Sphyraena","barracuda",0,"0",0,"1",0,"0",0,1,1,0,0,"1","1",0,"0",0,0,0,"0","0","0",0,"Sphyraena barracuda"
"232","Sphyraena","obtusata",1,"0",0,"0",0,"0",0,0,0,0,0,"0","0",0,"0",0,0,0,"0","0","0",0,"Sphyraena obtusata"
"233","Sphyraena","qenie",0,"0",0,"0",0,"0",0,0,0,1,0,"0","0",0,"0",0,0,0,"0","0","0",0,"Sphyraena qenie"
"234","Stegastes","nigricans",0,"0",0,"0",0,"0",0,0,1,0,0,"0","0",0,"0",0,0,0,"0","0","0",0,"Stegastes nigricans"
"235","Stegastes","punctatus",0,"0",0,"0",0,"0",1,0,1,0,0,"0","0",0,"0",0,0,0,"0","0","0",0,"Stegastes punctatus"
"236","Stethojulis","strigiventer",0,"0",0,"0",0,"0",0,1,1,1,0,"0","0",0,"0",0,0,0,"0","0","0",0,"Stethojulis strigiventer"
"237","Strongylura","incisa",0,"0",0,"0",0,"0",1,0,0,1,0,"0","0",0,"0",0,0,0,"0","0","0",0,"Strongylura incisa"
"238","Synodus","variegatus",0,"0",0,"0",0,"0",1,0,0,0,0,"0","0",0,"0",1,0,0,"0","0","0",0,"Synodus variegatus"
"239","Taeniurops","meyeni",0,"0",0,"0",0,"0",0,0,0,0,0,"1","0",0,"0",0,0,0,"0","0","0",0,"Taeniurops meyeni"
"240","Toxotes","jaculatrix",1,"1",0,"1",0,"0",0,1,1,0,0,"1","0",0,"0",0,0,0,"0","0","0",0,"Toxotes jaculatrix"
"241","Tylosurus","punctulatus",1,"1",0,"0",0,"0",0,0,0,0,0,"0","0",0,"0",0,0,0,"0","0","0",0,"Tylosurus punctulatus"
"242","Upeneus","taeniopterus",0,"0",0,"0",0,"0",0,0,0,1,0,"0","0",0,"0",0,0,0,"0","0","0",0,"Upeneus taeniopterus"
"243","Valenciennea","muralis",0,"1",0,"0",0,"0",0,0,0,1,0,"1","0",0,"0",0,0,0,"0","0","0",0,"Valenciennea muralis"
"244","Valenciennea","parva",0,"1",0,"0",0,"0",0,0,0,0,0,"0","0",0,"0",0,0,0,"0","0","0",0,"Valenciennea parva"
"245","Valenciennea","randalli",0,"1",0,"0",0,"0",0,0,0,0,0,"0","0",0,"0",0,0,0,"0","0","0",0,"Valenciennea randalli"
"246","Zanclus","cornutus",0,"1",0,"0",0,"0",0,0,1,0,0,"0","0",0,"0",0,0,1,"0","0","0",0,"Zanclus cornutus"
"247","Zebrasoma","scopas",0,"0",0,"0",0,"0",0,0,0,0,0,"0","0",0,"0",0,0,1,"0","0","0",0,"Zebrasoma scopas"
"248","Zebrasoma","velifer",0,"1",0,"0",1,"0",1,0,1,0,0,"0","0",0,"0",1,1,1,"0","0","0",0,"Zebrasoma velifer"
"249","Zenarchopterus","dispar",1,"1",0,"0",1,"0",1,1,1,1,0,"1","1",0,"0",1,0,0,"0","0","0",0,"Zenarchopterus dispar"
"250","Zenarchopterus","gilli",1,"1",0,"0",1,"0",1,1,1,1,0,"1","1",1,"0",0,0,0,"0","0","0",0,"Zenarchopterus gilli"
"251","Zoramia","leptacanthus",0,"0",0,"0",0,"0",0,0,1,0,0,"0","0",0,"0",0,0,0,"0","0","0",0,"Zoramia leptacanthus"
"252","Zoramia","viridiventer",0,"0",0,"0",0,"0",0,0,0,1,0,"1","0",0,"0",1,1,0,"0","0","0",0,"Zoramia viridiventer"
"253","Taeniamia","zosterophora",0,"0",0,"0",0,"0",0,0,1,0,0,"0","0",0,"0",1,1,0,"0","0","0",0,"Taeniamia zosterophora"
